CPU ʹ����: 1.6%,CPU ��������: 16,���ڴ��С: 15.78 GB,�����ڴ��С: 3.73 GB,�ڴ�ʹ����: 76.4%
CPU ʹ����: 1.6%,CPU ��������: 16,���ڴ��С: 15.78 GB,�����ڴ��С: 3.73 GB,�ڴ�ʹ����: 76.4%
CPU ʹ����: 1.6%,CPU ��������: 16,���ڴ��С: 15.78 GB,�����ڴ��С: 3.73 GB,�ڴ�ʹ����: 76.4%
CPU ʹ����: 1.6%,CPU ��������: 16,���ڴ��С: 15.78 GB,�����ڴ��С: 3.73 GB,�ڴ�ʹ����: 76.4%
CPU ʹ����: 1.6%,CPU ��������: 16,���ڴ��С: 15.78 GB,�����ڴ��С: 3.73 GB,�ڴ�ʹ����: 76.4%
CPU ʹ����: 1.6%,CPU ��������: 16,���ڴ��С: 15.78 GB,�����ڴ��С: 3.73 GB,�ڴ�ʹ����: 76.4%
CPU ʹ����: 1.6%,CPU ��������: 16,���ڴ��С: 15.78 GB,�����ڴ��С: 3.73 GB,�ڴ�ʹ����: 76.4%
CPU ʹ����: 1.6%,CPU ��������: 16,���ڴ��С: 15.78 GB,�����ڴ��С: 3.73 GB,�ڴ�ʹ����: 76.4%
CPU ʹ����: 1.6%,CPU ��������: 16,���ڴ��С: 15.78 GB,�����ڴ��С: 3.73 GB,�ڴ�ʹ����: 76.4%
CPU ʹ����: 1.6%,CPU ��������: 16,���ڴ��С: 15.78 GB,�����ڴ��С: 3.73 GB,�ڴ�ʹ����: 76.4%
CPU ʹ����: 1.6%,CPU ��������: 16,���ڴ��С: 15.78 GB,�����ڴ��С: 3.73 GB,�ڴ�ʹ����: 76.4%
CPU ʹ����: 1.6%,CPU ��������: 16,���ڴ��С: 15.78 GB,�����ڴ��С: 3.73 GB,�ڴ�ʹ����: 76.4%
CPU ʹ����: 1.6%,CPU ��������: 16,���ڴ��С: 15.78 GB,�����ڴ��С: 3.73 GB,�ڴ�ʹ����: 76.4%
CPU ʹ����: 1.6%,CPU ��������: 16,���ڴ��С: 15.78 GB,�����ڴ��С: 3.73 GB,�ڴ�ʹ����: 76.4%
CPU ʹ����: 1.6%,CPU ��������: 16,���ڴ��С: 15.78 GB,�����ڴ��С: 3.73 GB,�ڴ�ʹ����: 76.4%
CPU ʹ����: 1.6%,CPU ��������: 16,���ڴ��С: 15.78 GB,�����ڴ��С: 3.73 GB,�ڴ�ʹ����: 76.4%
CPU ʹ����: 1.6%,CPU ��������: 16,���ڴ��С: 15.78 GB,�����ڴ��С: 3.73 GB,�ڴ�ʹ����: 76.4%
CPU ʹ����: 1.6%,CPU ��������: 16,���ڴ��С: 15.78 GB,�����ڴ��С: 3.73 GB,�ڴ�ʹ����: 76.4%
CPU ʹ����: 1.6%,CPU ��������: 16,���ڴ��С: 15.78 GB,�����ڴ��С: 3.73 GB,�ڴ�ʹ����: 76.4%
CPU ʹ����: 1.6%,CPU ��������: 16,���ڴ��С: 15.78 GB,�����ڴ��С: 3.73 GB,�ڴ�ʹ����: 76.4%
CPU ʹ����: 1.6%,CPU ��������: 16,���ڴ��С: 15.78 GB,�����ڴ��С: 3.73 GB,�ڴ�ʹ����: 76.4%
CPU ʹ����: 1.6%,CPU ��������: 16,���ڴ��С: 15.78 GB,�����ڴ��С: 3.73 GB,�ڴ�ʹ����: 76.4%
CPU ʹ����: 1.6%,CPU ��������: 16,���ڴ��С: 15.78 GB,�����ڴ��С: 3.73 GB,�ڴ�ʹ����: 76.4%
CPU ʹ����: 1.6%,CPU ��������: 16,���ڴ��С: 15.78 GB,�����ڴ��С: 3.73 GB,�ڴ�ʹ����: 76.4%
CPU ʹ����: 1.6%,CPU ��������: 16,���ڴ��С: 15.78 GB,�����ڴ��С: 3.73 GB,�ڴ�ʹ����: 76.4%
CPU ʹ����: 1.6%,CPU ��������: 16,���ڴ��С: 15.78 GB,�����ڴ��С: 3.73 GB,�ڴ�ʹ����: 76.4%
CPU ʹ����: 1.6%,CPU ��������: 16,���ڴ��С: 15.78 GB,�����ڴ��С: 3.73 GB,�ڴ�ʹ����: 76.4%
CPU ʹ����: 1.6%,CPU ��������: 16,���ڴ��С: 15.78 GB,�����ڴ��С: 3.73 GB,�ڴ�ʹ����: 76.4%
CPU ʹ����: 1.6%,CPU ��������: 16,���ڴ��С: 15.78 GB,�����ڴ��С: 3.73 GB,�ڴ�ʹ����: 76.4%
CPU ʹ����: 1.6%,CPU ��������: 16,���ڴ��С: 15.78 GB,�����ڴ��С: 3.73 GB,�ڴ�ʹ����: 76.4%
CPU ʹ����: 1.6%,CPU ��������: 16,���ڴ��С: 15.78 GB,�����ڴ��С: 3.73 GB,�ڴ�ʹ����: 76.4%
CPU ʹ����: 1.6%,CPU ��������: 16,���ڴ��С: 15.78 GB,�����ڴ��С: 3.73 GB,�ڴ�ʹ����: 76.4%
CPU ʹ����: 1.6%,CPU ��������: 16,���ڴ��С: 15.78 GB,�����ڴ��С: 3.73 GB,�ڴ�ʹ����: 76.4%
CPU ʹ����: 1.6%,CPU ��������: 16,���ڴ��С: 15.78 GB,�����ڴ��С: 3.73 GB,�ڴ�ʹ����: 76.4%
CPU ʹ����: 1.6%,CPU ��������: 16,���ڴ��С: 15.78 GB,�����ڴ��С: 3.73 GB,�ڴ�ʹ����: 76.4%
CPU ʹ����: 1.6%,CPU ��������: 16,���ڴ��С: 15.78 GB,�����ڴ��С: 3.73 GB,�ڴ�ʹ����: 76.4%
CPU ʹ����: 1.6%,CPU ��������: 16,���ڴ��С: 15.78 GB,�����ڴ��С: 3.73 GB,�ڴ�ʹ����: 76.4%
CPU ʹ����: 1.6%,CPU ��������: 16,���ڴ��С: 15.78 GB,�����ڴ��С: 3.73 GB,�ڴ�ʹ����: 76.4%
CPU ʹ����: 1.6%,CPU ��������: 16,���ڴ��С: 15.78 GB,�����ڴ��С: 3.73 GB,�ڴ�ʹ����: 76.4%
CPU ʹ����: 1.6%,CPU ��������: 16,���ڴ��С: 15.78 GB,�����ڴ��С: 3.73 GB,�ڴ�ʹ����: 76.4%
CPU ʹ����: 1.6%,CPU ��������: 16,���ڴ��С: 15.78 GB,�����ڴ��С: 3.73 GB,�ڴ�ʹ����: 76.4%
CPU ʹ����: 1.6%,CPU ��������: 16,���ڴ��С: 15.78 GB,�����ڴ��С: 3.73 GB,�ڴ�ʹ����: 76.4%
CPU ʹ����: 1.6%,CPU ��������: 16,���ڴ��С: 15.78 GB,�����ڴ��С: 3.73 GB,�ڴ�ʹ����: 76.4%
CPU ʹ����: 1.6%,CPU ��������: 16,���ڴ��С: 15.78 GB,�����ڴ��С: 3.73 GB,�ڴ�ʹ����: 76.4%
CPU ʹ����: 1.6%,CPU ��������: 16,���ڴ��С: 15.78 GB,�����ڴ��С: 3.73 GB,�ڴ�ʹ����: 76.4%
CPU ʹ����: 1.6%,CPU ��������: 16,���ڴ��С: 15.78 GB,�����ڴ��С: 3.73 GB,�ڴ�ʹ����: 76.4%
CPU ʹ����: 1.6%,CPU ��������: 16,���ڴ��С: 15.78 GB,�����ڴ��С: 3.73 GB,�ڴ�ʹ����: 76.4%
CPU ʹ����: 1.6%,CPU ��������: 16,���ڴ��С: 15.78 GB,�����ڴ��С: 3.73 GB,�ڴ�ʹ����: 76.4%
CPU ʹ����: 1.6%,CPU ��������: 16,���ڴ��С: 15.78 GB,�����ڴ��С: 3.73 GB,�ڴ�ʹ����: 76.4%
CPU ʹ����: 1.6%,CPU ��������: 16,���ڴ��С: 15.78 GB,�����ڴ��С: 3.73 GB,�ڴ�ʹ����: 76.4%
CPU ʹ����: 1.6%,CPU ��������: 16,���ڴ��С: 15.78 GB,�����ڴ��С: 3.73 GB,�ڴ�ʹ����: 76.4%
CPU ʹ����: 1.6%,CPU ��������: 16,���ڴ��С: 15.78 GB,�����ڴ��С: 3.73 GB,�ڴ�ʹ����: 76.4%
CPU ʹ����: 1.6%,CPU ��������: 16,���ڴ��С: 15.78 GB,�����ڴ��С: 3.73 GB,�ڴ�ʹ����: 76.4%
CPU ʹ����: 1.6%,CPU ��������: 16,���ڴ��С: 15.78 GB,�����ڴ��С: 3.73 GB,�ڴ�ʹ����: 76.4%
CPU ʹ����: 1.6%,CPU ��������: 16,���ڴ��С: 15.78 GB,�����ڴ��С: 3.73 GB,�ڴ�ʹ����: 76.4%
CPU ʹ����: 1.6%,CPU ��������: 16,���ڴ��С: 15.78 GB,�����ڴ��С: 3.73 GB,�ڴ�ʹ����: 76.4%
CPU ʹ����: 1.6%,CPU ��������: 16,���ڴ��С: 15.78 GB,�����ڴ��С: 3.73 GB,�ڴ�ʹ����: 76.4%
CPU ʹ����: 1.6%,CPU ��������: 16,���ڴ��С: 15.78 GB,�����ڴ��С: 3.73 GB,�ڴ�ʹ����: 76.4%
CPU ʹ����: 1.6%,CPU ��������: 16,���ڴ��С: 15.78 GB,�����ڴ��С: 3.73 GB,�ڴ�ʹ����: 76.4%
CPU ʹ����: 1.6%,CPU ��������: 16,���ڴ��С: 15.78 GB,�����ڴ��С: 3.73 GB,�ڴ�ʹ����: 76.4%
CPU ʹ����: 1.6%,CPU ��������: 16,���ڴ��С: 15.78 GB,�����ڴ��С: 3.73 GB,�ڴ�ʹ����: 76.4%
CPU ʹ����: 1.6%,CPU ��������: 16,���ڴ��С: 15.78 GB,�����ڴ��С: 3.73 GB,�ڴ�ʹ����: 76.4%
CPU ʹ����: 1.6%,CPU ��������: 16,���ڴ��С: 15.78 GB,�����ڴ��С: 3.73 GB,�ڴ�ʹ����: 76.4%
CPU ʹ����: 1.6%,CPU ��������: 16,���ڴ��С: 15.78 GB,�����ڴ��С: 3.73 GB,�ڴ�ʹ����: 76.4%
CPU ʹ����: 1.6%,CPU ��������: 16,���ڴ��С: 15.78 GB,�����ڴ��С: 3.73 GB,�ڴ�ʹ����: 76.4%
CPU ʹ����: 1.6%,CPU ��������: 16,���ڴ��С: 15.78 GB,�����ڴ��С: 3.73 GB,�ڴ�ʹ����: 76.4%
CPU ʹ����: 1.6%,CPU ��������: 16,���ڴ��С: 15.78 GB,�����ڴ��С: 3.73 GB,�ڴ�ʹ����: 76.4%
CPU ʹ����: 1.6%,CPU ��������: 16,���ڴ��С: 15.78 GB,�����ڴ��С: 3.73 GB,�ڴ�ʹ����: 76.4%
CPU ʹ����: 1.6%,CPU ��������: 16,���ڴ��С: 15.78 GB,�����ڴ��С: 3.73 GB,�ڴ�ʹ����: 76.4%
CPU ʹ����: 1.6%,CPU ��������: 16,���ڴ��С: 15.78 GB,�����ڴ��С: 3.73 GB,�ڴ�ʹ����: 76.4%
CPU ʹ����: 1.6%,CPU ��������: 16,���ڴ��С: 15.78 GB,�����ڴ��С: 3.73 GB,�ڴ�ʹ����: 76.4%
CPU ʹ����: 1.6%,CPU ��������: 16,���ڴ��С: 15.78 GB,�����ڴ��С: 3.73 GB,�ڴ�ʹ����: 76.4%
CPU ʹ����: 1.6%,CPU ��������: 16,���ڴ��С: 15.78 GB,�����ڴ��С: 3.73 GB,�ڴ�ʹ����: 76.4%
CPU ʹ����: 1.6%,CPU ��������: 16,���ڴ��С: 15.78 GB,�����ڴ��С: 3.73 GB,�ڴ�ʹ����: 76.4%
CPU ʹ����: 1.6%,CPU ��������: 16,���ڴ��С: 15.78 GB,�����ڴ��С: 3.73 GB,�ڴ�ʹ����: 76.4%
CPU ʹ����: 1.6%,CPU ��������: 16,���ڴ��С: 15.78 GB,�����ڴ��С: 3.73 GB,�ڴ�ʹ����: 76.4%
CPU ʹ����: 1.6%,CPU ��������: 16,���ڴ��С: 15.78 GB,�����ڴ��С: 3.73 GB,�ڴ�ʹ����: 76.4%
CPU ʹ����: 1.6%,CPU ��������: 16,���ڴ��С: 15.78 GB,�����ڴ��С: 3.73 GB,�ڴ�ʹ����: 76.4%
CPU ʹ����: 1.6%,CPU ��������: 16,���ڴ��С: 15.78 GB,�����ڴ��С: 3.73 GB,�ڴ�ʹ����: 76.4%
CPU ʹ����: 1.6%,CPU ��������: 16,���ڴ��С: 15.78 GB,�����ڴ��С: 3.73 GB,�ڴ�ʹ����: 76.4%
CPU ʹ����: 1.6%,CPU ��������: 16,���ڴ��С: 15.78 GB,�����ڴ��С: 3.73 GB,�ڴ�ʹ����: 76.4%
CPU ʹ����: 1.6%,CPU ��������: 16,���ڴ��С: 15.78 GB,�����ڴ��С: 3.73 GB,�ڴ�ʹ����: 76.4%
CPU ʹ����: 1.6%,CPU ��������: 16,���ڴ��С: 15.78 GB,�����ڴ��С: 3.73 GB,�ڴ�ʹ����: 76.4%
CPU ʹ����: 1.6%,CPU ��������: 16,���ڴ��С: 15.78 GB,�����ڴ��С: 3.73 GB,�ڴ�ʹ����: 76.4%
CPU ʹ����: 1.6%,CPU ��������: 16,���ڴ��С: 15.78 GB,�����ڴ��С: 3.73 GB,�ڴ�ʹ����: 76.4%
CPU ʹ����: 1.6%,CPU ��������: 16,���ڴ��С: 15.78 GB,�����ڴ��С: 3.73 GB,�ڴ�ʹ����: 76.4%
CPU ʹ����: 1.6%,CPU ��������: 16,���ڴ��С: 15.78 GB,�����ڴ��С: 3.73 GB,�ڴ�ʹ����: 76.4%
CPU ʹ����: 1.6%,CPU ��������: 16,���ڴ��С: 15.78 GB,�����ڴ��С: 3.73 GB,�ڴ�ʹ����: 76.4%
CPU ʹ����: 1.6%,CPU ��������: 16,���ڴ��С: 15.78 GB,�����ڴ��С: 3.73 GB,�ڴ�ʹ����: 76.4%
CPU ʹ����: 1.6%,CPU ��������: 16,���ڴ��С: 15.78 GB,�����ڴ��С: 3.73 GB,�ڴ�ʹ����: 76.4%
CPU ʹ����: 1.6%,CPU ��������: 16,���ڴ��С: 15.78 GB,�����ڴ��С: 3.73 GB,�ڴ�ʹ����: 76.4%
CPU ʹ����: 1.6%,CPU ��������: 16,���ڴ��С: 15.78 GB,�����ڴ��С: 3.73 GB,�ڴ�ʹ����: 76.4%
CPU ʹ����: 1.6%,CPU ��������: 16,���ڴ��С: 15.78 GB,�����ڴ��С: 3.73 GB,�ڴ�ʹ����: 76.4%
CPU ʹ����: 1.6%,CPU ��������: 16,���ڴ��С: 15.78 GB,�����ڴ��С: 3.73 GB,�ڴ�ʹ����: 76.4%
CPU ʹ����: 1.6%,CPU ��������: 16,���ڴ��С: 15.78 GB,�����ڴ��С: 3.73 GB,�ڴ�ʹ����: 76.4%
CPU ʹ����: 1.6%,CPU ��������: 16,���ڴ��С: 15.78 GB,�����ڴ��С: 3.73 GB,�ڴ�ʹ����: 76.4%
CPU ʹ����: 1.6%,CPU ��������: 16,���ڴ��С: 15.78 GB,�����ڴ��С: 3.73 GB,�ڴ�ʹ����: 76.4%
CPU ʹ����: 1.6%,CPU ��������: 16,���ڴ��С: 15.78 GB,�����ڴ��С: 3.73 GB,�ڴ�ʹ����: 76.4%
CPU ʹ����: 1.6%,CPU ��������: 16,���ڴ��С: 15.78 GB,�����ڴ��С: 3.73 GB,�ڴ�ʹ����: 76.4%
CPU ʹ����: 1.6%,CPU ��������: 16,���ڴ��С: 15.78 GB,�����ڴ��С: 3.73 GB,�ڴ�ʹ����: 76.4%
